-- phpMyAdmin SQL Dump
-- version 5.1.1
-- https://www.phpmyadmin.net/
--
-- Host: 127.0.0.1
-- Generation Time: Mar 08, 2022 at 07:22 AM
-- Server version: 10.4.22-MariaDB
-- PHP Version: 7.4.27

SET SQL_MODE = "NO_AUTO_VALUE_ON_ZERO";
START TRANSACTION;
SET time_zone = "+00:00";


/*!40101 SET @OLD_CHARACTER_SET_CLIENT=@@CHARACTER_SET_CLIENT */;
/*!40101 SET @OLD_CHARACTER_SET_RESULTS=@@CHARACTER_SET_RESULTS */;
/*!40101 SET @OLD_COLLATION_CONNECTION=@@COLLATION_CONNECTION */;
/*!40101 SET NAMES utf8mb4 */;

--
-- Database: `cartoonrodfi`
--

-- --------------------------------------------------------

--
-- Table structure for table `tbl_member`
--

CREATE TABLE `tbl_member` (
  `member_id` int(11) NOT NULL,
  `m_user` varchar(20) NOT NULL,
  `m_pass` varchar(20) NOT NULL,
  `m_level` varchar(50) NOT NULL,
  `m_name` varchar(100) NOT NULL,
  `m_email` varchar(100) NOT NULL,
  `m_tel` varchar(20) NOT NULL,
  `m_address` varchar(200) NOT NULL,
  `m_img` varchar(250) NOT NULL,
  `date_save` timestamp NOT NULL DEFAULT current_timestamp()
) ENGINE=InnoDB DEFAULT CHARSET=utf8;

--
-- Dumping data for table `tbl_member`
--

INSERT INTO `tbl_member` (`member_id`, `m_user`, `m_pass`, `m_level`, `m_name`, `m_email`, `m_tel`, `m_address`, `m_img`, `date_save`) VALUES
(1, 'admin', 'admin', 'admin', 'admin_dev', 'devtai@gmail.com', '0983738651', 'กรุงเทพมหานคร', '92306749720210628_000204.png', '2021-06-01 19:04:28'),
(2, 'member', '55', 'member', 'member', 'waiyawoot@gmail.com', '0931294710', 'กรุงเทพมหานคร', '145010926420210602_090554.png', '2021-06-01 19:05:54'),
(3, 'member41', '11', 'member', 'wootsaro', 'devtai2@gmail.com', '0852134657', 'กรุงเทพมหานคร', '99698979420210626_224421.png', '2021-06-01 19:06:39'),
(4, 'admino', '15634568456', 'admin', 'admin somi', 'devtai410@gmail.com', '0897444124', 'กรุงเทพมหานคร', '171855469020210602_090904.png', '2021-06-01 19:09:04'),
(9, 'dunk', '1150', 'member', 'dunk', 'teerapong002588@gmail.com', '0987745286', '1150/1112', '167730091520220301_000208.jpg', '2022-02-28 17:02:08'),
(12, 'aa', '1150', 'member', 'qerqeqeq', 'bb@gmauk.com', '59595', '151518', '', '2022-03-06 17:34:09');

-- --------------------------------------------------------

--
-- Table structure for table `tbl_oder`
--

CREATE TABLE `tbl_oder` (
  `order_id` int(10) NOT NULL,
  `member_id` int(11) NOT NULL,
  `name` varchar(100) COLLATE utf8mb4_unicode_ci NOT NULL,
  `address` varchar(500) COLLATE utf8mb4_unicode_ci NOT NULL,
  `email` varchar(100) COLLATE utf8mb4_unicode_ci NOT NULL,
  `phone` int(20) NOT NULL,
  `oder_status` int(11) NOT NULL,
  `pay_slip` varchar(100) COLLATE utf8mb4_unicode_ci NOT NULL,
  `pay_date` date NOT NULL,
  `pay_amount` float NOT NULL,
  `postcode` varchar(32) COLLATE utf8mb4_unicode_ci NOT NULL,
  `oder_datre` datetime NOT NULL
) ENGINE=InnoDB DEFAULT CHARSET=utf8mb4 COLLATE=utf8mb4_unicode_ci;

--
-- Dumping data for table `tbl_oder`
--

INSERT INTO `tbl_oder` (`order_id`, `member_id`, `name`, `address`, `email`, `phone`, `oder_status`, `pay_slip`, `pay_date`, `pay_amount`, `postcode`, `oder_datre`) VALUES
(23, 9, 'dunk', '1150/1112', 'teerapong002588@gmail.com', 987745286, 2, '', '0000-00-00', 0, '', '2022-03-08 11:20:04'),
(24, 9, 'aaaa', '1150/1112', 'teerapong002588@gmail.com', 987745286, 2, '271832681_107838265124128_178603889984685211_n.jpg', '0000-00-00', 0, '', '2022-03-08 11:27:32'),
(25, 9, 'qqqqeeee', '1150/1112', 'teerapong002588@gmail.com', 987745286, 2, '', '0000-00-00', 0, '', '2022-03-08 11:28:24'),
(26, 9, 'dunk', '1150/1112', 'teerapong002588@gmail.com', 987745286, 2, '', '0000-00-00', 0, '', '2022-03-08 11:33:06'),
(27, 9, 'dunk', '1150/1112', 'teerapong002588@gmail.com', 987745286, 2, '', '0000-00-00', 0, '', '2022-03-08 11:35:18'),
(28, 9, 'dunk', '1150/1112', 'teerapong002588@gmail.com', 987745286, 2, '271832681_107838265124128_178603889984685211_n.jpg', '0000-00-00', 0, '', '2022-03-08 11:56:57'),
(29, 9, 'dunk', '1150/1112', 'teerapong002588@gmail.com', 987745286, 2, '', '0000-00-00', 0, '', '2022-03-08 11:58:34'),
(30, 9, 'dunk', '1150/1112', 'teerapong002588@gmail.com', 987745286, 2, '271832681_107838265124128_178603889984685211_n.jpg', '0000-00-00', 0, '', '2022-03-08 12:02:20'),
(31, 9, 'dunk', '1150/1112', 'teerapong002588@gmail.com', 987745286, 3, '271832681_107838265124128_178603889984685211_n.jpg', '0000-00-00', 0, '55', '2022-03-08 12:07:20'),
(32, 9, 'dunk', '1150/1112', 'teerapong002588@gmail.com', 987745286, 2, 'unnamed.png', '0000-00-00', 0, '', '2022-03-08 12:12:20'),
(33, 9, 'dunk', '1150/1112', 'teerapong002588@gmail.com', 987745286, 2, 'unknown (1).png', '0000-00-00', 0, '', '2022-03-08 12:21:44');

-- --------------------------------------------------------

--
-- Table structure for table `tbl_order_detail`
--

CREATE TABLE `tbl_order_detail` (
  `d_id` int(11) NOT NULL,
  `order_id` int(11) NOT NULL,
  `p_id` int(11) NOT NULL,
  `p_name` varchar(100) COLLATE utf8mb4_unicode_ci NOT NULL,
  `p_c_qty` int(11) NOT NULL,
  `total` float NOT NULL,
  `datesave` timestamp NOT NULL DEFAULT current_timestamp() ON UPDATE current_timestamp()
) ENGINE=InnoDB DEFAULT CHARSET=utf8mb4 COLLATE=utf8mb4_unicode_ci;

--
-- Dumping data for table `tbl_order_detail`
--

INSERT INTO `tbl_order_detail` (`d_id`, `order_id`, `p_id`, `p_name`, `p_c_qty`, `total`, `datesave`) VALUES
(27, 23, 8, 'chainsaw man 1-11', 1, 1100, '2022-03-08 04:20:04'),
(28, 24, 4, 'อาชีพกระจอกแล้วไงยังไงข้าก็เทพ เล่ม 1', 1, 80, '2022-03-08 04:27:32'),
(29, 25, 7, 'โฉมงามพูดไม่เก่งกับผองเพื่อนไม่เต็มเต็ง เล่ม 2', 1, 90, '2022-03-08 04:28:24'),
(30, 26, 6, 'โฉมงามพูดไม่เก่งกับผองเพื่อนไม่เต็มเต็ง เล่ม 1', 1, 90, '2022-03-08 04:33:06'),
(31, 27, 3, 'อาชีพกระจอกแล้วไงยังไงข้าก็เทพ เล่ม 2', 1, 90, '2022-03-08 04:35:18'),
(32, 28, 7, 'โฉมงามพูดไม่เก่งกับผองเพื่อนไม่เต็มเต็ง เล่ม 2', 1, 90, '2022-03-08 04:56:57'),
(33, 29, 2, 'อาชีพกระจอกแล้วทำไม ยังไงข้าก็เทพ เล่ม 3', 1, 95, '2022-03-08 04:58:34'),
(34, 30, 4, 'อาชีพกระจอกแล้วไงยังไงข้าก็เทพ เล่ม 1', 1, 80, '2022-03-08 05:02:20'),
(35, 31, 5, 'อาชีพกระจอกแล้วไงยังไงข้าก็เทพ เล่ม5', 1, 95, '2022-03-08 05:07:20'),
(36, 32, 3, 'อาชีพกระจอกแล้วไงยังไงข้าก็เทพ เล่ม 2', 1, 90, '2022-03-08 05:12:20'),
(37, 33, 8, 'chainsaw man 1-11', 1, 1100, '2022-03-08 05:21:44');

-- --------------------------------------------------------

--
-- Table structure for table `tbl_product`
--

CREATE TABLE `tbl_product` (
  `p_id` int(11) NOT NULL,
  `p_name` varchar(200) NOT NULL,
  `type_id` int(11) NOT NULL,
  `p_detail` text NOT NULL,
  `p_img` varchar(200) NOT NULL,
  `p_price` int(11) NOT NULL,
  `p_qty` varchar(11) NOT NULL,
  `p_unit` varchar(20) NOT NULL,
  `p_view` int(10) NOT NULL DEFAULT 0,
  `datesave` timestamp NOT NULL DEFAULT current_timestamp()
) ENGINE=InnoDB DEFAULT CHARSET=utf8;

--
-- Dumping data for table `tbl_product`
--

INSERT INTO `tbl_product` (`p_id`, `p_name`, `type_id`, `p_detail`, `p_img`, `p_price`, `p_qty`, `p_unit`, `p_view`, `datesave`) VALUES
(1, 'อาชีพกระจอกแล้วทำไม ยังไงข้าก็เทพ เล่ม 4', 4, 'นากุโมะ ฮาจิเมะ \"เด็กที่มักจะโดนกลั่นแกล้ง\" ถูกเรียกตัวไปยังโลกใบอื่นพร้อมกับเหล่าเพื่อนร่วมชั้นฮาจิเมะมีอาชีพแสนจะกระจอกอย่างนักเล่นแร่แปรธาตุตรงกันข้ามกับพวกเพื่อนร่วมชั้นที่แสดงศักยภาพในการสู้รบออกมาให้เห็นอย่างต่อเนื่องผู้อ่อนแอที่สุดแม้แต่โลกใบอื่นอย่างเขากลับถูกความชั่วร้ายของเพื่อนร่วมชั้นคนหนึ่งผลักให้ตกลงไปสู่ขุมนรกในเข้าวงกต แล้วแบบนี้เขาจะรอดรึ!? ท่ามกลางความสิ้นหวังเพราะหาทางหนีออกจากเขาวงกตไม่เจอฮาจิเมะก็ได้พยกับหนทางสู่การเป็นนักเล่นแร่แปรธาตุที่แข็งแกร่งที่สุด ก่อนโชคชะตาจะพาเขามาพบกับผีดูดเลือดยูเอะ \"ฉันจะปกป้องยูเอะ ยูเอะจะปกป้องฉัน นั่นแหละคือความแข็งแกร่งที่แท้จริงมาโค่นล้มทุกสิ่งทุกอย่างให้หมดแล้วเป็นอันดับหนึ่งของโลกกันเถอะ\" ขอเชิญรับชมฉากเปิดของโลกแฟนตาซี! การพบกันของผีดูดเลือดผู้มาจากส่วนลึกที่สุดของโลกกับเด็กหนุ่มผู้กลับมาจากขุมนรก กำลังจะสร้างตำนาน \"สุดแกร่ง\" ให้โลกตะลึง!', '175848409420220227_213831.jpg', 95, '9', 'เล่ม', 0, '2021-06-26 16:38:28'),
(2, 'อาชีพกระจอกแล้วทำไม ยังไงข้าก็เทพ เล่ม 3', 4, 'นากุโมะ ฮาจิเมะ \"เด็กที่มักจะโดนกลั่นแกล้ง\" ถูกเรียกตัวไปยังโลกใบอื่นพร้อมกับเหล่าเพื่อนร่วมชั้นฮาจิเมะมีอาชีพแสนจะกระจอกอย่างนักเล่นแร่แปรธาตุตรงกันข้ามกับพวกเพื่อนร่วมชั้นที่แสดงศักยภาพในการสู้รบออกมาให้เห็นอย่างต่อเนื่องผู้อ่อนแอที่สุดแม้แต่โลกใบอื่นอย่างเขากลับถูกความชั่วร้ายของเพื่อนร่วมชั้นคนหนึ่งผลักให้ตกลงไปสู่ขุมนรกในเข้าวงกต แล้วแบบนี้เขาจะรอดรึ!? ท่ามกลางความสิ้นหวังเพราะหาทางหนีออกจากเขาวงกตไม่เจอฮาจิเมะก็ได้พยกับหนทางสู่การเป็นนักเล่นแร่แปรธาตุที่แข็งแกร่งที่สุด ก่อนโชคชะตาจะพาเขามาพบกับผีดูดเลือดยูเอะ \"ฉันจะปกป้องยูเอะ ยูเอะจะปกป้องฉัน นั่นแหละคือความแข็งแกร่งที่แท้จริงมาโค่นล้มทุกสิ่งทุกอย่างให้หมดแล้วเป็นอันดับหนึ่งของโลกกันเถอะ\" ขอเชิญรับชมฉากเปิดของโลกแฟนตาซี! การพบกันของผีดูดเลือดผู้มาจากส่วนลึกที่สุดของโลกกับเด็กหนุ่มผู้กลับมาจากขุมนรก กำลังจะสร้างตำนาน \"สุดแกร่ง\" ให้โลกตะลึง!', '22555919320220227_213800.jpg', 95, '9', 'เล่ม', 0, '2021-06-26 16:46:13'),
(3, 'อาชีพกระจอกแล้วไงยังไงข้าก็เทพ เล่ม 2', 4, 'นากุโมะ ฮาจิเมะ \"เด็กที่มักจะโดนกลั่นแกล้ง\" ถูกเรียกตัวไปยังโลกใบอื่นพร้อมกับเหล่าเพื่อนร่วมชั้นฮาจิเมะมีอาชีพแสนจะกระจอกอย่างนักเล่นแร่แปรธาตุตรงกันข้ามกับพวกเพื่อนร่วมชั้นที่แสดงศักยภาพในการสู้รบออกมาให้เห็นอย่างต่อเนื่องผู้อ่อนแอที่สุดแม้แต่โลกใบอื่นอย่างเขากลับถูกความชั่วร้ายของเพื่อนร่วมชั้นคนหนึ่งผลักให้ตกลงไปสู่ขุมนรกในเข้าวงกต แล้วแบบนี้เขาจะรอดรึ!? ท่ามกลางความสิ้นหวังเพราะหาทางหนีออกจากเขาวงกตไม่เจอฮาจิเมะก็ได้พยกับหนทางสู่การเป็นนักเล่นแร่แปรธาตุที่แข็งแกร่งที่สุด ก่อนโชคชะตาจะพาเขามาพบกับผีดูดเลือดยูเอะ \"ฉันจะปกป้องยูเอะ ยูเอะจะปกป้องฉัน นั่นแหละคือความแข็งแกร่งที่แท้จริงมาโค่นล้มทุกสิ่งทุกอย่างให้หมดแล้วเป็นอันดับหนึ่งของโลกกันเถอะ\" ขอเชิญรับชมฉากเปิดของโลกแฟนตาซี! การพบกันของผีดูดเลือดผู้มาจากส่วนลึกที่สุดของโลกกับเด็กหนุ่มผู้กลับมาจากขุมนรก กำลังจะสร้างตำนาน \"สุดแกร่ง\" ให้โลกตะลึง!', '121777342820220227_213638.jpg', 90, '5', 'เล่ม', 0, '2021-06-26 16:46:35'),
(4, 'อาชีพกระจอกแล้วไงยังไงข้าก็เทพ เล่ม 1', 4, 'นากุโมะ ฮาจิเมะ \"เด็กที่มักจะโดนกลั่นแกล้ง\" ถูกเรียกตัวไปยังโลกใบอื่นพร้อมกับเหล่าเพื่อนร่วมชั้นฮาจิเมะมีอาชีพแสนจะกระจอกอย่างนักเล่นแร่แปรธาตุตรงกันข้ามกับพวกเพื่อนร่วมชั้นที่แสดงศักยภาพในการสู้รบออกมาให้เห็นอย่างต่อเนื่องผู้อ่อนแอที่สุดแม้แต่โลกใบอื่นอย่างเขากลับถูกความชั่วร้ายของเพื่อนร่วมชั้นคนหนึ่งผลักให้ตกลงไปสู่ขุมนรกในเข้าวงกต แล้วแบบนี้เขาจะรอดรึ!? ท่ามกลางความสิ้นหวังเพราะหาทางหนีออกจากเขาวงกตไม่เจอฮาจิเมะก็ได้พยกับหนทางสู่การเป็นนักเล่นแร่แปรธาตุที่แข็งแกร่งที่สุด ก่อนโชคชะตาจะพาเขามาพบกับผีดูดเลือดยูเอะ \"ฉันจะปกป้องยูเอะ ยูเอะจะปกป้องฉัน นั่นแหละคือความแข็งแกร่งที่แท้จริงมาโค่นล้มทุกสิ่งทุกอย่างให้หมดแล้วเป็นอันดับหนึ่งของโลกกันเถอะ\" ขอเชิญรับชมฉากเปิดของโลกแฟนตาซี! การพบกันของผีดูดเลือดผู้มาจากส่วนลึกที่สุดของโลกกับเด็กหนุ่มผู้กลับมาจากขุมนรก กำลังจะสร้างตำนาน \"สุดแกร่ง\" ให้โลกตะลึง!', '41498672520220227_212707.jpg', 80, '7', 'เล่ม', 0, '2021-06-26 16:46:51'),
(5, 'อาชีพกระจอกแล้วไงยังไงข้าก็เทพ เล่ม5', 4, 'นากุโมะ ฮาจิเมะ \"เด็กที่มักจะโดนกลั่นแกล้ง\" ถูกเรียกตัวไปยังโลกใบอื่นพร้อมกับเหล่าเพื่อนร่วมชั้นฮาจิเมะมีอาชีพแสนจะกระจอกอย่างนักเล่นแร่แปรธาตุตรงกันข้ามกับพวกเพื่อนร่วมชั้นที่แสดงศักยภาพในการสู้รบออกมาให้เห็นอย่างต่อเนื่องผู้อ่อนแอที่สุดแม้แต่โลกใบอื่นอย่างเขากลับถูกความชั่วร้ายของเพื่อนร่วมชั้นคนหนึ่งผลักให้ตกลงไปสู่ขุมนรกในเข้าวงกต แล้วแบบนี้เขาจะรอดรึ!? ท่ามกลางความสิ้นหวังเพราะหาทางหนีออกจากเขาวงกตไม่เจอฮาจิเมะก็ได้พยกับหนทางสู่การเป็นนักเล่นแร่แปรธาตุที่แข็งแกร่งที่สุด ก่อนโชคชะตาจะพาเขามาพบกับผีดูดเลือดยูเอะ \"ฉันจะปกป้องยูเอะ ยูเอะจะปกป้องฉัน นั่นแหละคือความแข็งแกร่งที่แท้จริงมาโค่นล้มทุกสิ่งทุกอย่างให้หมดแล้วเป็นอันดับหนึ่งของโลกกันเถอะ\" ขอเชิญรับชมฉากเปิดของโลกแฟนตาซี! การพบกันของผีดูดเลือดผู้มาจากส่วนลึกที่สุดของโลกกับเด็กหนุ่มผู้กลับมาจากขุมนรก กำลังจะสร้างตำนาน \"สุดแกร่ง\" ให้โลกตะลึง!', '191369610120220227_213859.jpg', 95, '6', 'ชิ้น', 0, '2022-02-27 14:38:59'),
(6, 'โฉมงามพูดไม่เก่งกับผองเพื่อนไม่เต็มเต็ง เล่ม 1', 2, 'คุณโคมิ เด็กสาวโฉมงามที่ผู้ใดผ่านก็เป็นต้องหันมามองนั้นเป็นคน \"พูดไม่เก่ง\" เธอมักจะคิดเสมอว่า \"จะเข้าไปคุยด้วยยังไงดีนะ\" \"พอชวนคุยแล้วก็ต้องทำตัวยังไงต่อ\" อยู่ทุกครั้ง แม้คุณโคมิจะเป็นเช่นนั้น แต่ทาดาโนะคุงก็ยังได้เป็นเพื่อนกับเธอ พวกเขาทั้งสองได้แลกเปลี่ยนความรู้สึกกันทีละน้อยๆ และได้ทำสัญญาร่วมกันอย่างหนึ่ง พบกับเรื่องเล่าที่จะทำให้คุณนั้นโดยไม่รู้ตัว และบางครั้งอาจจะรู้สึกอินไปกับมันด้วย การ์ตูนคอเมดี้นางเอกพูดไม่เก่งที่ทุกคนจะต้องติดใจ ได้เริ่มขึ้นแล้ว!!', '27004113220220228_200929.jpg', 90, '7', 'เล่ม', 0, '2022-02-28 13:09:29'),
(7, 'โฉมงามพูดไม่เก่งกับผองเพื่อนไม่เต็มเต็ง เล่ม 2', 2, 'คุณโคมิ เด็กสาวโฉมงามที่ผู้ใดผ่านก็เป็นต้องหันมามองนั้นเป็นคน \"พูดไม่เก่ง\" เธอมักจะคิดเสมอว่า \"จะเข้าไปคุยด้วยยังไงดีนะ\" \"พอชวนคุยแล้วก็ต้องทำตัวยังไงต่อ\" อยู่ทุกครั้ง แม้คุณโคมิจะเป็นเช่นนั้น แต่ทาดาโนะคุงก็ยังได้เป็นเพื่อนกับเธอ พวกเขาทั้งสองได้แลกเปลี่ยนความรู้สึกกันทีละน้อยๆ และได้ทำสัญญาร่วมกันอย่างหนึ่ง พบกับเรื่องเล่าที่จะทำให้คุณนั้นโดยไม่รู้ตัว และบางครั้งอาจจะรู้สึกอินไปกับมันด้วย การ์ตูนคอเมดี้นางเอกพูดไม่เก่งที่ทุกคนจะต้องติดใจ ได้เริ่มขึ้นแล้ว!!', '62140080020220228_201122.jpg', 90, '1', 'เล่ม', 0, '2022-02-28 13:11:22'),
(8, 'chainsaw man 1-11', 3, 'test', '146067848620220228_201928.jpg', 1100, '7', 'ชุด', 0, '2022-02-28 13:19:28');

-- --------------------------------------------------------

--
-- Table structure for table `tbl_type`
--

CREATE TABLE `tbl_type` (
  `type_id` int(11) NOT NULL,
  `type_name` varchar(100) NOT NULL
) ENGINE=InnoDB DEFAULT CHARSET=utf8;

--
-- Dumping data for table `tbl_type`
--

INSERT INTO `tbl_type` (`type_id`, `type_name`) VALUES
(2, 'Luck Pim'),
(3, 'SIAM INTER COMICS'),
(4, 'First Page Pro');

--
-- Indexes for dumped tables
--

--
-- Indexes for table `tbl_member`
--
ALTER TABLE `tbl_member`
  ADD PRIMARY KEY (`member_id`);

--
-- Indexes for table `tbl_oder`
--
ALTER TABLE `tbl_oder`
  ADD PRIMARY KEY (`order_id`);

--
-- Indexes for table `tbl_order_detail`
--
ALTER TABLE `tbl_order_detail`
  ADD PRIMARY KEY (`d_id`);

--
-- Indexes for table `tbl_product`
--
ALTER TABLE `tbl_product`
  ADD PRIMARY KEY (`p_id`);

--
-- Indexes for table `tbl_type`
--
ALTER TABLE `tbl_type`
  ADD PRIMARY KEY (`type_id`);

--
-- AUTO_INCREMENT for dumped tables
--

--
-- AUTO_INCREMENT for table `tbl_member`
--
ALTER TABLE `tbl_member`
  MODIFY `member_id` int(11) NOT NULL AUTO_INCREMENT, AUTO_INCREMENT=13;

--
-- AUTO_INCREMENT for table `tbl_oder`
--
ALTER TABLE `tbl_oder`
  MODIFY `order_id` int(10) NOT NULL AUTO_INCREMENT, AUTO_INCREMENT=34;

--
-- AUTO_INCREMENT for table `tbl_order_detail`
--
ALTER TABLE `tbl_order_detail`
  MODIFY `d_id` int(11) NOT NULL AUTO_INCREMENT, AUTO_INCREMENT=38;

--
-- AUTO_INCREMENT for table `tbl_product`
--
ALTER TABLE `tbl_product`
  MODIFY `p_id` int(11) NOT NULL AUTO_INCREMENT, AUTO_INCREMENT=9;

--
-- AUTO_INCREMENT for table `tbl_type`
--
ALTER TABLE `tbl_type`
  MODIFY `type_id` int(11) NOT NULL AUTO_INCREMENT, AUTO_INCREMENT=5;
COMMIT;

/*!40101 SET CHARACTER_SET_CLIENT=@OLD_CHARACTER_SET_CLIENT */;
/*!40101 SET CHARACTER_SET_RESULTS=@OLD_CHARACTER_SET_RESULTS */;
/*!40101 SET COLLATION_CONNECTION=@OLD_COLLATION_CONNECTION */;
